Animal Name,Representative Name
Squirrelfish,Squirrelfish
Grouper,Grouper
groupers,Grouper
Groupers,Grouper
Sea Turtles,Sea Turtle
Sea turtles,Sea Turtle
Sea turtle,Sea Turtle
Trumpet fish,Trumpetfish
Trumpetfish,Trumpetfish
trumpetfish,Trumpetfish
Congers,Congers
Barracuda,Baracuda
Baracuda,Baracuda
Barracudas,Baracuda
Eagle Rays,Eagle Ray
Eaglerays,Eaglerays
Eagle rays,Eagle Ray
eagle rays,Eagle Ray
Eagle ray,Eagle Ray
nurse shark,Nurse Shark
Nurse sharks,Nurse Shark
Nurse Sharks,Nurse Shark
Nurse Shark,Nurse Shark
Saddleback fish,Saddleback Fish
angelfish,Angelfish
Angel fish,Angelfish
Angelfish,Angelfish
Anglerfish,Anglerfish
parrotfish,Parrotfish
Parrot fish,Parrotfish
Parrotfish,Parrotfish
boxfish,Boxfish
Boxfishes,Boxfish
Boxfish,Boxfish
Damselfishes,Damselfish
damsel fish,Damselfish
damselfish,Damselfish
Damselfish,Damselfish
Porgies,Porgies
Soft Coral,Soft Coral
Soft corals,Soft Coral
Goatfish,Goatfish
Cuttlefish,Cuttlefish
Cuttle fish,Cuttlefish
Jackfish,Jackfish
Pufferfish,Pufferfish
puffer fish,Pufferfish
Snapper,Snapper
snapper,Snaper
scorpionfish,Scorpionfish
Scorpionfishes,Scorpionfish
Scorpionfish,Scorpionfish
Needlefish,Needlefish
Tethys fish,Tethys Fish
Seaslug,Seaslug
Sea slugs,Seaslug
Chaetonotids,Chaetonotids
Horseshoe crabs,Horseshoe Crabs
Requiem sharks,Requiem Sharks
Flatfish,Flatfish
Flatfishes,Flatfish
Sting ray,Stingray
Stingray,Stingray
Sting Rays,Stingray
Stingrays,Stingray
Perch family,Perch Family
Lobsters,Lobster
Lobster,Lobster
Cod family,Cod Family
Cancer crabs,Cancer Crabs
Spider crab,Spider Crab
Spider crabs,Spider Crab
sponges,Sponges
Sponges,Sponges
Luidia,Luidia
Eel,Eel
Eels,Eel
Catsharks,Catsharks
Sturgeon,Sturgeon
Sturgeons,Sturgeon
Cichlids,Cichlids
Thresher Shark,Thresher Shark
Thresher shark,Thresher Shark
Thresher sharks,Thresher Shark
Surgeonfishes,Surgeonfish
surgeonfish,Surgeonfish
Surgeonfish,Surgeonfish
Elapids,Elapids
eals,Eals
Seals,Eals
Seal,Eals
Wrasse,Wrasse
Wrasses,Wrasse
wrasses,Wrasse
Flounders,Flounder
Flounder,Flounder
flounders,Flounder
Grunts,Grunts
Grunters,Grunts
Octopuses,Octopus
octopuses,Octopus
Octopus,Octopus
Sculpins,Sculpins
King crabs,King Crabs
Gobies,Gobies
Mussles,Mussles
Mussels,Mussles
Eelpouts,Eel
Moon jellyfish,Moon Jellyfish
Sand stars,Sea Stars
Sea stars,Seastars
Sunfish,Sunfish
Dreissenid mussels,Dreissenid Mussels
Drums,Drums
Batfish,Batfish
Catfish,Batfish
catfish,Batfish
Squid,Squid
Carpet sharks,Carpet Sharks
Starfish,Starfish
Starfishes,Starfish
Sand tiger shark,Sand Tiger Shark
Sand tiger sharks,Sand Tiger Shark
Soles,Sole
Sole,Sole
Pinnae,Pinnae
Sea cucumbers,Sea Cucumber
Sea cucumber,Sea Cucumber
Sea anemone,Sea Anemone
Sea anemones,Sea Anemone
Sea anemone fish,Sea Anemone
Weever fish,Weever Fish
Fanworms,Fanworms
Cardinalfish,Cardinalfish
Cardinal Fish,Cardinalfish
Pike,Pike
Hermit crabs,Hermit Crab
Hermit Crab,Hermit Crab
Wolf fish,Wolf Fish
pipefish,Pipefish
Pipefish,Pipefish
Butterflyfish,Butterflyfish
Carps and minnows,Carps And Minnows
Moray Eel,Eel
Moray eel,Moray Eel
moray eels,Morey Eel
Moray Eels,Eel
Moray eels,Moray Eel
Rockfish,Rockfish
Heart urchins,Heart Urchins
Squat lobsters,Squat Lobster
Squat lobster,Squat Lobster
Scallops,Scallops
scallops,Scallops
whale shark,Whaleshark
Whale sharks,Whaleshark
Whalesharks,Whaleshark
Whaleshark,Whaleshark
Whale shark,Whaleshark
Cod,Cod
Cods,Cod
Skates,Skates
Saber-toothed blennies,Saber-Toothed Blennies
Triggerfish,Tigerfish
triggerfish,Tigerfish
Tigerfish,Tigerfish
Leatherjacket fish,Leatherjacket Fish
Eel blennies,Eel
Swimming crabs,Swimming Crabs
Boxer crabs,Box Crabs
Box crabs,Box Crabs
Toadfish,Toadfish
Remora,Remora
Remoras,Remora
Calycid fishes,Calycid Fishes
Rhinid fish,Rhinid Fish
Hammerhead sharks,Hammerhead Shark
Hammerhead shark,Hammerhead Shark
Hammerhead Shark,Hammerhead Shark
Hammerhead Sharks,Hammerhead Shark
African tetras,African Tetras
Clionid sponges,Clionid Sponges
Chalinid sponges,Clionid Sponges
Mullets,Mullet
Mullet,Mullet
Seahorse family,Seahorse Family
Metridid fish,Metridid Fish
Crawfish,Crawfish
Crayfish,Crayfish
Dorid nudibranchs,Dorid Nudibranchs
Bullhead sharks,Bullhead Sharks
Pistol shrimp,Pistol Shrimp
Snapping shrimp,Snapping Shrimp
Sea sponges,Sea Sponges
Sea Sponges,Sea Sponges
Blennies,Blennies
Limpets,Limpets
Redfish,Redfish
Redfishes,Redfish
Star corals,Star Corals
Staghorn corals,Staghorn Coral
Dendronotid nudibranchs,Dendronotid Nudibranchs
Portuguese man o' war,Portuguese Man O War
Fireworms,Fireworms
Pencilfish,Pencilfish
Pencil fish,Pencil Fish
Cockatoo cuttlefish,Cockatoo Cuttlefish
Mantis Shrimp,Mantis Shrimp
Mantis shrimp,Mantis Shrimp
Fire corals,Fire Corals
Sixgill sharks,Sixgill Sharks
Glassfish,Glassfish
Sawfish,Sawfish
Jawfish,Sawfish
Sandperch,Sandperch
Flatheads,Flatheads
Tarpon,Tarpon
Tarpons,Tarpon
Gorgonian corals,Gorgonian Corals
Lizardfishes,Lizardfish
Lizardfish,Lizardfish
Bonefish,Bonefish
Mackerel,Mackerel
Frogfishes,Frogfish
Frogfish,Frogfish
Prawns,Prawns
Oweniid worms,Oweniid Worms
Brain corals,Brain Coral
Brain coral,Brain Coral
Sea urchins,Sea Urchin
Sea urchin,Sea Urchin
Sea Urchins,Sea Urchin
Mud crabs,Mud Crabs
Oceanic whitetip shark,Oceanic Whitetip Shark
Oceanic whitetip sharks,Oceanic Whitetip Shark
Chimeras,Chimeras
Coral trout,Coral Trout
Cassididae,Cassididae
Moon snails,Moon Snails
Brittlestars,Brittlestars
Brittle Star,Brittlestars
Brittle stars,Brittlestars
Basslets,Basslets
Zoanthids,Zoanthids
Sea fans,Sea Fans
Cleaner shrimp,Cleaner Shrimp
Discosoma corals,Discosoma Corals
Cowries,Cowries
Serpulid worms,Serpulid Worms
Eledonid fish,Eledonid Fish
Cow sharks,Cow Sharks
Surfperches,Surfperches
Paddlefish,Paddlefish
Parachute fish,Parachute Fish
Sweeper fish,Sweeper Fish
Stonefish,Stonefish
Irciniid sponges,Irciniid Sponges
Dottybacks,Dottybacks
Round stingrays,Round Stingrays
Bobtail Squid,Bobtail Squid
Bobtail squid,Bobtail Squid
Round rays,Round Rays
Dolphins,Dolphins
Rabbitfish,Rabbitfish
Organ-pipe corals,Organ-Pipe Corals
Cockles,Cockles
Triplefin blennies,Triplefin Blennies
Herring,Herring
Guitar Fish,Guitarfish
Guitarfish,Guitarfish
Eelgrass family,Eel
Flatworms,Flatworm
Flatworm,Flatworm
flatworms,Flatworm
Clingfish,Clingfish
Sticklebacks,Sticklebacks
Numbfish,Numbfish
Basket starfish,Basket Stars
Basket stars,Basket Star
Pricklebacks,Pricklebacks
Cusk eels,Cusk Eels
Antarctic rockcods,Antarctic Rockcods
Sunflower stars,Sunflower Stars
Firefly squids,Firefly Squids
Longfin,Longfin
Lanternsharks,Lanternsharks
Lumpfish,Lumpfish
Houndsharks,Houndsharks
Abalone,Abalone
Eared seals,Eared Seals
Rocklings,Rocklings
Sand lances,Sand Lances
Crown-of-thorns starfish,Crown-Of-Thorns Starfish
Salmon family,Salmon Family
Corallimorphs,Corallimorphs
Pelicans,Pelicans
Ghost Pipefish,Ghost Pipefish
Ghost pipefish,Ghostpipefish
ghostpipefish,Ghostpipefish
Ghostpipe fish,Ghostpipefish
Janolids,Janolids
Feather stars,Feather Stars
Dragonets,Dragonets
Mushroom corals,Mushroom Corals
Manatee,Manatee
Manatees,Manatee
Razor clams,Razor Clams
Dromiid crabs,Dromiid Crabs
Blenny,Blenny
Shrimps,Shrimp
Shrimp,Shrimp
shrimps,Shrimp
Pandeid shrimps,Pandeid Shrimps
Pandalid shrimp,Pandeid Shrimps
Coral reef fish,Coral Reef Fish
Black corals,Black Coral
Black coral,Black Coral
Whelks,Whelks
Emydid turtles,Emydid Turtles
Ophidiasteridae,Ophidiasteridae
Sea spiders,Sea Spiders
Bamboo Shark,Bamboo Shark
Bamboo sharks,Bamboo Shark
Hogfish,Hogfish
Dogfish,Hogfish
Stargazers,Stargazers
Blanket octopuses,Octopus
Tube-dwelling anemones,Tube-Dwelling Anemones
Deepsea smelts,Deepsea Smelts
Schizopids,Schizopids
Snailfish,Snailfish
Glaucostegid fishes,Glaucostegid Fishes
Clam shrimp,Clam Shrimp
Dysideid sponges,Dysideid Sponges
Biemnid fish,Biemnid Fish
Angel sharks,Angelshark
Angelshark,Angelshark
Angel Shark,Angelshark
angel shark,Angelshark
Silversides,Silversides
Electric ray,Electric Ray
Electric rays,Electric Ray
Chondrosidae,Chondrosidae
Porcelain crabs,Porcelain Crabs
Tripedaliid jellyfish,Tripedaliid Jellyfish
Penaeid shrimp,Penaeid Shrimp
Terebellid worms,Terebellid Worms
Flying fish,Flying Fish
flying fish,Flying Fish
Stony corals,Stony Corals
Golfish.,Golfish
John dory,John Dory
John Dory,John Dory
Flying Gurnard,Flying Gurnard
Flying gurnards,Flying Gurnard
Upside-down jellyfish,Upside-Down Jellyfish
Sergestid shrimp,Sergestid Shrimp
Cepheid fish,Cepheid Fish
Land hermit crabs,Land Hermit Crabs
Oysters,Oysters
Stylasteridae,Stylasteridae
Mitrocomids,Mitrocomids
Carpiliid crabs,Carpiliid Crabs
Dendrophylliid corals,Dendrophylliid Corals
Mackerel sharks,Mackerel Sharks
Berycids,Berycids
Carpet anemones,Carpet Anemones
Seahorse,Seahorse
Seahorses,Seahorse
Sea squirts,Sea Squirts
Sea hares,Sea Hares
Mola fish,Mola Fish
Aegirids,Aegirids
Cup corals,Cup Corals
Leptastrea fish,Leptastrea Fish
Opah,Opah
Sea Pens,Sea Pens
Sea pens,Sea Pens
Spirastrellid sponges,Spirastrellid Sponges
Crambe fish,Crambe Fish
Bitterlings,Bitterlings
Sleeper gobies,Sleeper Gobies
Glass squids,Glass Squids
Tree dorids,Tree Dorids
Plagusiid crabs,Plagusiid Crabs
Tropical anglerfish,Tropical Anglerfish
Samarid fish,Samarid Fish
Dwarf sculpins,Dwarf Sculpins
Emperor fish,Emperor Fish
Eel-tailed catfish,Eel
Lanternfish,Lanternfish
Kelp,Kelp
Cormorant,Cormorant
Cormorants,Cormorant
Myrrhine fish,Myrrhine Fish
Bolinopsid fishes,Bolinopsid Fishes
Hawkfish,Hawkfish
Carpet corals,Carpet Corals
Nereid worms,Nereid Worms
Filefish,Tilefish
Firefish,Filefish
Squillids,Squillids
Bubblers,Bubblers
Corynid fish,Corynid Fish
Ranafish,Ranafish
Pacu,Pacu
Abylid fish,Abylid Fish
Rorquals,Rorquals
Bigeyes,Bigeyes
Lobophyllia corals,Lobophyllia Corals
Soleidae,Soleidae
Glass sponges,Glass Sponges
Synaptids,Synaptids
Cray fish,Cray Fish
Coral fish,Cray Fish
Clathrinid eels,Clathrinid Eels
Bonelliid rays,Bonelliid Rays
Characins,Characins
Sarcophagidae,Sarcophagidae
Acorn barnacles,Acorn Barnacles
Shark catfish,Shark Catfish
Skeleton shrimp,Skeleton Shrimp
Polybiid eels,Polybiid Eels
Bullhead sculpins,Bullhead Sculpins
Pataecid fish,Pataecid Fish
Sea robins,Sea Robins
Antarctic cod,Antarctic Cod
Glycerid worms,Glycerid Worms
Snook,Snook
Crab,Crab
Crabs,Crab
suckers,Suckers
Suckers,Suckers
Dugongs,Dugongs
Silkfish,Silkfish
Nautilus,Nautilus
Halfbeaks,Halfbeaks
Billfish,Billfish
Dogfish sharks,Dogfish Sharks
Amphipods,Amphipods
Frigatebirds,Frigatebirds
Anchovies,Anchovies
Iguanas,Iguanas
Boobies and gannets,Boobies And Gannets
Cycloteuthid squids,Cycloteuthid Squids
Asteropseid fish,Asteropseid Fish
Bluebottle jellyfish,Bluebottle Jellyfish
Rocketfishes,Rocketfishes
Porpoises,Porpoises
Syconidae,Syconidae
Sand stargazers,Sand Stargazers
Codium,Codium
Mycalid sponges,Mycalid Sponges
Argonauts,Argonauts
Zebra sharks,Zebra Shark
Zebra shark,Zebra Shark
Mushroom jellyfish,Mushroom Jellyfish
Ianthellid sponges,Ianthellid Sponges
Green algae,Green Algae
Gulls,Gulls
Ellisellid corals,Ellisellid Corals
Rhizangiid fishes,Rhizangiid Fishes
Thornyheads,Thornyheads
Heteractis anemones,Heteractis Anemones
Ghost crabs,Ghost Crabs
Moonyfish,Moonyfish
Lates,Lates
Oplophid shrimp,Oplophid Shrimp
Tilefish,Tilefish
Venus clams,Venus Clams
Funnel-web spiders,Funnel-Web Spiders
Callanthias,Callanthias
Darwin's fishes,Darwins Fishes
Hakes,Hakes
Bichir,Bichir
Freshwater mussels,Freshwater Mussels
Icefish,Icefish
Gracilaria,Gracilaria
Pillow sponges,Pillow Sponges
Feather duster worms,Feather Duster Worms
Tonguefish,Tonguefish
Chondrichthyes,Chondrichthyes
Ribbonfish,Ribbonfish
Lactariid fish,Lactariid Fish
Coelacanths,Coelacanths
Penguins,Penguins
Bightfish,Bightfish
Bopyrid isopods,Bopyrid Isopods
Box jellyfish,Box Jellyfish
Beroe jellyfish,Box Jellyfish
Diphyid fish,Diphyid Fish
Goneplacid crabs,Goneplacid Crabs
Sicyoniid shrimp,Sicyoniid Shrimp
Sleeper sharks,Sleeper Sharks
Erythroponid fish,Erythroponid Fish
Sea toadfish,Sea Toadfish
Rhopalonematidae,Rhopalonematidae
Desmacidids,Desmacidids
Valonia algae,Valonia Algae
Banded fusiliers,Banded Fusiliers
Roly-polies,Roly-Polies
Herons and bitterns,Herons And Bitterns
Keyhole limpets,Keyhole Limpets
Ghost shrimp,Ghost Shrimp
Ghost shrimps,Ghost Shrimp
Zoroaster fish,Zoroaster Fish
Cobia,Cobia
Plerogyrid fishes,Plerogyrid Fishes
Pomfrets,Pomfrets
Prochilodontids,Prochilodontids
Piranha,Piranha
Colossendeid amphipods,Colossendeid Amphipods
Bonytongues,Bonytongues
Carpenterfish,Carpenterfish
Sargassum,Sargassum
Leatherback turtles,Leatherback Turtles
Leatherback sea turtle,Leatherback Turtles
Swamp eels,Swamp Eels
Spurge family,Spurge Family
Kurtus fish,Kurtus Fish
Thorids,Thorids
Lampeye fish,Lampeye Fish
Sailfin catfish,Sailfin Catfish
Crocodiles,Crocodiles
Cyttid fish,Cyttid Fish
Top snails,Top Snails
Sand dollars,Sand Dollars
Cone snails,Cone Snails
Atyid shrimp,Atyid Shrimp
Spongicolid fish,Spongicolid Fish
Snipefish,Snipefish
Smelts,Smelts
Xenia corals,Xenia Corals
Spoonfishes,Spoonfishes
Placosponges,Placosponges
Eucalanid copepods,Calanoid Copepods
Calanoid copepods,Calanoid Copepods
Lubbock's fish,Lubbocks Fish
Oncaeid copepods,Oncaeid Copepods
Aegisthid blennies,Aegisthid Blennies
Spiny eels,Spiny Eels
Prawn gobies,Prawn Gobies
Diatoms,Diatoms
Arrow worms,Arrow Worms
Poachers,Poachers
Subergorgiidae,Subergorgiidae
Gold coral,Gold Coral
Feather corals,Feather Corals
Sea catfish,Sea Catfish
Olindiid fish,Olindiid Fish
Akeridae,Akeridae
Spiny sharks,Spiny Sharks
False hammerhead sharks,False Hammerhead Sharks
Dumbo octopus,Octopus
Glaucid fish,Glaucid Fish
Suckermouth catfish,Suckermouth Catfish
Bell jellyfish,Bell Jellyfish
Moorish Idol,Moorish Idol
Moorish idols,Moorish Idol
Hydractinia,Hydractinia
Pigfish,Pigfish
Stylid fish,Stylid Fish
Krill,Krill
Scolecitrichids,Scolecitrichids
Pea crabs,Pea Crabs
Calliopiid snails,Calliopiid Snails
Copepods,Copepods
Isopods,Isopods
Pillbox crabs,Pillbox Crabs
Flamingo fish,Flamingo Fish
Chaetiliid eels,Chaetiliid Eels
Eunicid worms,Eunicid Worms
Sea mice,Sea Mice
Horseshoe worms,Horseshoe Worms
Desmacellid sponges,Desmacellid Sponges
Waterweed,Waterweed
Rattlebox family,Rattlebox Family
Drum fish,Drums
Drummer fish,Drums
Lung snails,Lung Snails
Eubranchid eels,Eubranchid Eels
Blind catfishes,Blind Catfishes
Sandfish,Sandfish
Freshwater sponges,Freshwater Sponges
African knifefish,African Knifefish
Snake mackerels,Snake Mackerels
Dartfish,Dartfish
Clam,Clam
River stingrays,Round Stingrays
Arapaima,Arapaima
Whiting,Whiting
Serrated eels,Serrated Eels
Petalidiid fish,Petalidiid Fish
Pontellid copepods,Pontellid Copepods
Seagrasses,Seagrass
Seagrass,Seagrass
Ovalipids,Ovalipids
Brown algae,Brown Algae
Liver catfishes,Liver Catfishes
Livebearers,Livebearers
Velvetfish,Velvetfish
Hippopotamuses,Hippopotamuses
Erythrinids,Erythrinids
Loaches,Loaches
Giant silversides,Giant Silversides
Archerfish,Archerfish
Argentines,Argentines
Ladyfish,Ladyfish
Pencil catfish,Pencil Fish
Atoll fish,Atoll Fish
Lampridids,Lampridids
Land crabs,Land Crabs
Baleen whales,Baleen Whales
Cockatoo fish,Cockatoo Fish
Acanthephyrid shrimp,Acanthephyrid Shrimp
Marginellids,Marginellids
Sea worms,Sea Worms
Pleurobranchs,Pleurobranchs
Iphimediid fishes,Iphimediid Fishes
Manta ray,Manta Ray
Manta Rays,Manta Ray
manta ray,Manta Ray
Manta Ray,Manta Ray
snaper,Snaper
snappers,Snaper
Clown Fish,Cowfish
Clownfish,Cowfish
clown fish,Cowfish
Cowfish,Cowfish
Boxfish / pufferfish,Boxfish Pufferfish
Nudibranch,Nudibranch
NudiBranch,Nudibranch
Nudibranchs,Nudibranch
nudibranch,Nudibranch
Nudibranchs!,Nudibranch
Trumpetfish / pipefish,Trumpetfish Pipefish
Rays,Rays
Coral,Coral
Corals,Coral
Weedy sea dragon,Weedy Sea Dragon
Wobbegong Sharks,Wobbegong Shark
Wobbegong Shark,Wobbegong Shark
Wobbegong sharks,Wobbegong Shark
Grey Nurse Shark,Grey Nurse Shark
Grey Nurse Sharks,Grey Nurse Shark
port jackson shark,Port Jackson Shark
bannerfish,Bannerfish
Bannerfish,Bannerfish
Hawksbill sea turtle,Hawksbill Turtle
Hawksbill Turtle,Hawksbill Turtle
Hawksbill turtle,Hawksbill Turtle
Hawksbill Turtles,Hawksbill Turtle
Jelly Fish,Jellyfish
Jellyfish,Jellyfish
Whitetip Reef Shark,Whitetip Reef Shark
Whitetip Reef Sharks,Whitetip Reef Shark
Whitetip reef shark,Whitetip Reef Shark
Blue Groper,Blue Groper
Red Indian fish,Red Indian Fish
Eastern Blue Devil Fish,Eastern Blue Devil Fish
Fish,Fish
Lionfish,Lionfish
sea snakes,Sea Snake
Sea snake,Sea Snake
Sea Snakes,Sea Snake
Giant cuttlefish,Giant Cuttlefish
Leaffish,Leaffish
Leaf fish,Leaffish
Napoleon fish,Napoleon Fish
Blacktip Reef Sharks,Blacktip Reef Sharks
Black Tip reef shark,Blacktip Reef Sharks
Blacktip reef shark,Blacktip Reef Shark
Grey Sharks,Grey Sharks
Silvertip sharks,Silvertip Shark
Silvertip Shark,Silvertip Shark
nudibranchs,Nudibranch
Salpe,Salpe
mobula ray,Mobula Ray
Mobular rays,Mobula Ray
Mobula rays,Mobula Ray
Turtles,Turtle
Turtle,Turtle
Reef fish ( Scorpionfish,Reef Fish Scorpionfish
Sweetlips,Sweetlips
sweetlips,Sweetlips
grouper,Grouper
lionfish etc),Lionfish Etc
Comet Fish,Comet Fish
Tiger shark,Tiger Shark
Lemon shark,Lemon Shark
Reef fish,Reef Fish
Reef Fish,Reef Fish
Bream,Bream
Old Wives,Old Wive
Old Wive,Old Wive
Port Jackson Sharks,Port Jackson Shark
Port Jackson Shark,Port Jackson Shark
Grey reef shark,Grey Reef Shark
Gray reef shark,Grey Reef Shark
Bluering Octopus,Bluering Octopus
Blue Ringed Octopus,Bluering Octopus
Blue-ringed octopus,Octopus
Trout,Trout
Pelagic Fish,Pelagic Fish
Cownose ray,Cownose Ray
Spinner dolphin,Common Dolphin
Bottlenose dolphin,Common Dolphin
Common dolphin,Common Dolphin
Freshwater Fish,Freshwater Fish
Honeycomb moray,Honeycomb Moray
Sharks,Sharks
Sunfish (mola mola),Sunfish Mola Mola
Sea lion,Sealion
Sealion,Sealion
Tuna,Tuna
Giant moray,Giant Moray
Garden eels,Garden Eels
Ribbon Eel,Eel
Ribbon eel,Ribbon Eel
Gorgonian fan,Gorgonian Fan
Leopard Shark,Leopard Shark
Leopard shark,Leopard Shark
Loggerhead turtle,Loggerhead Turtle
Mobula,Mobula
Guitar shark,Guitar Shark
Galapagos Sharks,Galapagos Sharks
Humpback whale,Humpback Whale
Minke whale,Minke Whale
Butterfly Ray,Butterfly Ray
Green Turtle,Green Turtle
Green turtle,Green Turtle
Green Turtles,Green Turtle
Green Sea Turtle,Green Sea Turtle
Rainbow wrasse,Rainbow Wrasse
Rainbow Wrasse,Rainbow Wrasse
Perch,Perch
Yellow Sponges,Yellow Sponges
Swordfish,Swordfish
Goldsinny wrasse,Goldsinny Wrasse
Common Cuttlefish,Cuttlefish
Flamboyant Cuttlefish,Flamboyant Cuttlefish
Cuttlefish / Sepia,Cuttlefish
Carp,Carp
Anemone fish,Anemone Fish
Ornate ghost pipefish,Ornate Ghost Pipefish
Ornate Ghost Pipefish,Ornate Ghost Pipefish
Yellow Lipped Seakraite,Yellow Lipped Seakraite
Sharks (White tip reef shark,Sharks White Tip Reef Shark
cat sharks etc),Cat Sharks Etc
octopus,Octopus
Eagle Ray,Eagle Ray
Reef Manta,Reef Manta
Ornate Wrasse,Ornate Wrasse
Humphead parrotfish,Humphead Parrotfish
Jenkins Ray,Jenkins Ray
Common stingray,Round Stingrays
Seabream,Seabream
Amber Jack,Amberjack
Amberjack,Amberjack
Kingfish,Kingfish
ray,Ray
Roncadors (Grunts),Roncadors Grunts
Common Octopus,Octopus
Common octopus,Octopus
filefishes,Filefishes
Bull ray,Bull Ray
Yellowtail,Yellowtail
green sea turtle,Green Sea Turtle
Green sea turtles,Green Sea Turtle
Whitemouth moray,Whitemouth Moray
Reef Sharks,Reef Shark
Reef sharks,Reef Shark
Reef Shark,Reef Shark
Muray,Muray
eagle ray,Eagle Ray
sea slug,Sea Slug
Green Moray Eel,Eel
Bull shark,Bull Shark
Bluegill,Bluegill
Bass,Bass
crappie,Crappie
Crappie,Crappie
Mantas,Manta
Manta,Manta
Blue shark,Blue Shark
Mako shark,Mako Shark
anemones,Anemones
Anemones,Anemones
Fusilier,Fusilier
Sea otter,Sea Otter
sea lions,Sea Lions
harbor seal,Harbor Seal
Kelp Forests,Kelp Forest
Kelp Forest,Kelp Forest
Seastars,Seastars
Rock Fish,Rock Fish
Fur Seal,Fur Seal
Pygmy Seahorses,Pygmy Seahorse
Pygmy Seahorse,Pygmy Sea Hose
Blue Spotted Stingray,Bluespotted Stingray
Bluespotted Stingray,Bluespotted Stingray
Pollack,Pollack
Large Mouth Bass,Largemouth Bass
Largemouth Bass,Largemouth Bass
Goliath Grouper,Goliath Grouper
Caribbean Reef Shark,Caribbean Reef Shark
Snake Eel,Eel
Stripped Bass,Striped Bass
Striped Bass,Striped Bass
Garibaldi,Garibaldi
sheepshead,Sheepshead
Sheepshead,Sheepshead
Calico Bass,Calico Bass
Giant Black Sea Bass (Wreck Fish),Giant Black Sea Bass Wreck Fish
Blue Banded Gobi,Blue Banded Gobi
Sea Hare,Sea Hare
White Sea Bass,White Sea Bass
Wobbygong Shark,Wobbegong Shark
Kuhlâ€™s Stingray,Kuhls Stingray
Kuhls Stingray,Kuhls Stingray
Feathertail Ray,Feathertail Ray
Soldierfish,Soldierfish
Emperors,Emperors
Rudd,Rudd
green moray,Green Moray
White Spotted Eagle Ray,Spotted Eagle Ray
Spotted Eagle Ray,Eagle Ray
Oceanic Manta,Oceanic Manta
Yellowfins tuna,Yellowfins Tuna
Trevally,Trevally
Conger Eel,Eel
Conger eel,Conger Eel
Conger Eal,Conger Eel
Blue-fin damselfish,Blue-Fin Damselfish
Blue Gill,Blue Gill
sea fan,Sea Fan
Zebra (Leopard) Shark,Zebra Leopard Shark
Sergent Mayor,Sergent Mayor
Sergeant Major,Sergent Mayor
Red Snapper,Red Snapper
Bluestripe Snapper (Invasive),Bluestripe Snapper Invasive
Sardines,Sardines
Small Mouth Bass,Small Mouth Bass
Walleye,Walleye
Turtles (Green and Hawksbill),Turtles Green And Hawksbill
Pipehorse,Pipehorse
Horse Shoe Crab,Horse Shoe Crab
Great white shark,Great White Shark
Grey Angelfish,Grey Angelfish
Rock Beauty,Rock Beauty
foureye Butterflyfish,Foureye Butterflyfish
Peacock Grouper (Invasive),Peacock Grouper Invasive
red snapper,Red Snapper
Pork fish,Pork Fish
Golden Trevally,Golden Trevally
Spadefish,Spadefish
Colourful Wrasse Species,Colourful Wrasse Species
Trunk fish,Trunkfish
Trunkfish,Trunkfish
Southern Stingrays,Souther Stingray
Southern Stingray,Souther Stingray
Souther Stingray,Souther Stingray
perch,Perch
largemouth bass,Largemouth Bass
smallmouth bass,Smallmouth Bass
striper,Striper
stripes,Striper
white bass,White Bass
long-nose gar,Long-Nose Gar
turtle,Turtle
turtles,Turtle
morey eel,Morey Eel
Toad Fish,Toad Fish
Snook fish,Snook Fish
pike,Pike
eel,Eel
carp,Carp
crayfish,Crayfish
toadfishes,Toadfishes
Tge biggest brain corals,Tge Biggest Brain Corals
Elkhorns,Elkhorns
etc,Etc
Wolf Eel,Eel
Giant Pacific Octopus,Giant Pacific Octopus
hammerheads,Hammerheads
Tench,Tench
Freshwater Jellyfish,Freshwater Jellyfish
Sailfin Sculpin,Sailfin Sculpin
Grunt Sculpin,Grunt Sculpin
Dentex,Dentex
coral,Coral
Thornback Ray,Thornback Ray
thornback ray,Thornback Ray
Yellow goat fish,Yellow Goat Fish
Spotted Goatfish,Goatfish
Bluehead,Bluehead
Yellowhead Wrasse,Yellowhead Wrasse
Blue Chromis,Blue Chromis
French Grunt,French Grunt
Hawaiian Endemic (Native) Species,Hawaiian Endemic Native Species
Hawaiian Monk Seal,Hawaiian Monk Seal
White Eyed Moray Eel,Eel
Spotted Moray Eel,Eel
Jack Species,Jack Species
Marbled electric ray,Marbled Electric Ray
Giant Clam,Giant Clam
Anthias,Anthias
Salmon,Salmon
Rainbow Trout,Rainbow Trout
Mola Mola,Mola Mola
Grey Reef Shark,Grey Reef Shark
Basket Star,Basket Star
BUMPER HEAD PARRAROT FISH,Bumper Head Parrarot Fish
Devil Ray,Devil Ray
Hecht,Hecht
Barsch,Barsch
Krebs,Krebs
Schleie,Schleie
Egli,Egli
Wide range of reef fish,Wide Range Of Reef Fish
Bull Rays,Bull Rays
Atlantic Torpedo Ray,Atlantic Torpedo Ray
Atlantic ray,Atlantic Ray
Sole fish,Sole Fish
Moraine Eel,Eel
American Eel,Eel
Banded Snake Eel,Eel
Morey Eels,Eel
Spotted Eel,Eel
pez angel,Pez Angel
Queen Angelfish,Queen Angelfish
Blue Angelfish,Blue Angelfish
Stone Crab,Stone Crab
fire worm,Fire Worm
Indian Walkman,Indian Walkman
Pygmy pipehorse,Pygmy Pipehorse
Juvenile fish (macro),Juvenile Fish Macro
Harlequin Shrimp,Harlequin Shrimp
Rhinophias,Rhinophias
Astroides Calycularis,Astroides Calycularis
scrapie,Crappie
eagle stripes,Eagle Stripes
Ghost Pipe Fish,Ghost Pipefish
Slipper Lobster,Slipper Lobster
Peacock Flounder,Peacock Flounder
sargeant majors,Sargeant Majors
peacock mantis shrimp,Peacock Mantis Shrimp
Pygmy Sea Hose,Pygmy Sea Hose
Macro,Macro
Goby,Goby
Red Coral,Red Coral
Red coral,Red Coral
Gorgonians,Gorgonians
Ballan Wrasse,Ballan Wrasse
forkbeard,Forkbeard
Coral Reef,Coral Reef
Zurich Fish,Zurich Fish
Aborre,Aborre
Spotted eagle ray,Eagle Ray
burbot,Burbot
Mandarinfish,Mandarinfish
crustaceans,Crustaceans
Cat Fish,Cat Fish
Snoek,Snoek
Baars,Baars
Salema,Salema
Morena,Morena
Sharks (Grey Reef/Oceanic White Tip/Silky/Hammerhead/Whale/Tiger/Sandbar) Nudibranches,Sharks Grey Reefoceanic White Tipsilkyhammerheadwhaletigersandbar Nudibranches
Hump Back Wahles,Hump Back Wahles
Octos,Octos
Mere,Mere
Black Seabass,Black Seabass
Sea moth,Sea Moth
Shovel Nose Ray,Shovel Nose Ray
Blacktip Shark,Blacktip Shark
Bowmouth,Bowmouth
leopard ray,Leopard Ray
Oceanic blacktip shark,Oceanic Blacktip Shark
Sandbar Shark,Sandbar Shark
Black Canary Mongrel,Black Canary Mongrel
Roncadores,Roncadores
Old Red,Old Red
Minnow,Minnow
spearing mantis shrimp,Spearing Mantis Shrimp
Dusky shark,Dusky Shark
King Mackerel,King Mackerel
Giant Manta Ray,Giant Manta Ray
Arrow Crab,Arrow Crab
scorfano,Scorfano
croaker,Croaker
flamingo tong,Flamingo Tong
Box/Pufferfish,Boxpufferfish
Manatee (dugong),Manatee Dugong
Acropora,Acropora
Silky Shark,Silky Shark
Sheep Nudi,Sheep Nudi
Devil Sea Walker,Devil Sea Walker
Crinoid Shrimp,Crinoid Shrimp
Decorator Crab,Decorator Crab
Flamboyant cuttlefish,Flamboyant Cuttlefish
Crown of Thorns Seastar,Crown Of Thorns Seastar
Table Coral,Table Coral
Staghorn Coral,Staghorn Coral
Rigid Shrimpfish,Rigid Shrimpfish
crocodile fish,Crocodile Fish
Crocodile Fish,Crocodile Fish
Spiny Lobster,Spiny Lobster
Porcupinefish,Porcupinefish
Porcupine Fish,Porcupinefish
Paperfish,Paperfish
Damsel,Damsel
Various Bream,Various Bream
Seabass,Seabass
Spanish Slipper Lobster,Spanish Slipper Lobster
Black Durgon,Black Durgon
Spotted Drum,Drums
Elkhorn Corals,Elkhorn Corals
Tube Sponge,Tube Sponge
Chubs,Chubs
Yellowhead Jawfish,Yellowhead Jawfish
tablecloth,Tablecloth
scorpora,Scorpora
Hamlet,Hamlet
Sea Bass,Sea Bass
gold welts,Gold Welts
conches,Conchs
conchs,Conchs
Skorpion,Skorpion
langustas,Langustas
bream,Bream
Crabs - harbour,Crabs - Harbour
edible,Edible
velvet swimming,Velvet Swimming
Tompot Blenny,Tompot Blenny
Jewel Anemone,Jewel Anemone
Snakelocks Anemone,Snakelocks Anemone
Fairy Basslet,Fairy Basslet
Hard Coral,Hard Coral
File Fish,File Fish
flounder,Flounder
Speckled Eagle Ray,Speckled Eagle Ray
Whale Shark,Whaleshark
Ragged tooth sharks,Ragged Tooth Sharks
Snoekbaars,Snoekbaars
Paling,Paling
Kreeft,Kreeft
White tip sharks,White Tip Sharks
freshwater crayfish,Freshwater Crayfish
snails,Snails
Barrel Sponge,Barrel Sponge
Boxer Shrimp,Boxer Shrimp
Mimic Octopus,Mimic Octopus
Wonderpus,Wonderpus
Tree Coral,Tree Coral
freshwater goby,Freshwater Goby
black bus,Black Bus
seagrass...,Seagrass
Dotto,Dotto
gobies,Gobies
marble ray,Marble Ray
Peacock Wrasse,Peacock Wrasse
crabs,Crabs
painted comber,Painted Comber
Black Tip Reef Shark,Blacktip Reef Sharks
Tautog,Tautog
Tripplefins,Tripplefins
tooth,Tooth
Sea raven,Sea Raven
Serpent eel,Serpent Eel
Monk Seals,Monk Seals
Blue spotted Ray,Blue Spotted Ray
Sharks Grey Reefoceanic White Tipsilkyhammerheadwhaletigersandbar Nudibranches,Shark
